player_id,first_name,last_name
644,Alexander,Zverev
3105,Ruben,Ramirez Hidalgo
3163,Tommy,Haas
3188,Michael,Russell
3285,Radek,Stepanek
3333,Ivo,Karlovic
3344,Ivan,Ljubicic
3401,Jan,Hernych
3428,Juan Ignacio,Chela
3451,Bjorn,Phau
3507,Juan Carlos,Ferrero
3565,Stephane,Robert
3566,Michael,Llodra
3573,Rik,De Voest
3582,Michael,Berrer
3598,Xavier,Malisse
3607,Victor,Estrella
3656,Albert,Montanes
3672,Ricardo,Mello
3694,Olivier,Rochus
3720,Lleyton,Hewitt
3722,Florent,Serra
3781,Jurgen,Melzer
3786,Nikolay,Davydenko
3794,Benjamin,Becker
3799,Eric,Prodon
3808,Potito,Starace
3812,Victor,Hanescu
3813,Jarkko,Nieminen
3819,Roger,Federer
3821,Danai,Udomchoke
3835,Filippo,Volandri
3852,Feliciano,Lopez
3857,Igor,Kunitsyn
3888,Mardy,Fish
3893,Paolo,Lorenzi
3898,Julien,Benneteau
3900,David,Nalbandian
3908,Paul Henri,Mathieu
3917,Nicolas,Mahut
3926,Daniel,Munoz De La Nava
3970,David,Ferrer
3971,Karol,Beck
3990,Tommy,Robredo
3997,Lukasz,Kubot
4022,Mikhail,Youzhny
4053,Andy,Roddick
4095,David,Guez
4098,Dmitry,Tursunov
4122,Carlos,Berlocq
4166,Alex,Bogomolov Jr
4180,Gilles,Muller
4198,Guillermo,Garcia Lopez
4216,Maximo,Gonzalez
4225,Jan,Hajek
4229,Yen Hsun,Lu
4233,Frederik,Nielsen
4252,Florian,Mayer
4259,Philipp,Kohlschreiber
4262,Flavio,Cipolla
4268,Alejandro,Falla
4269,Fernando,Verdasco
4273,Edouard Roger,Vasselin
4291,Malek,Jaziri
4296,Rogerio,Dutra Silva
4307,Michal,Przysiezny
4311,Andreas,Seppi
4326,Steve,Darcis
4329,Rajeev,Ram
4331,Philipp,Petzschner
4337,Juan,Monaco
4348,Rui,Machado
4385,Janko,Tipsarevic
4423,Go,Soeda
4432,Frank,Dancevic
4459,Dustin,Brown
4467,Gilles,Simon
4470,Ivan,Dodig
4493,Adrian,Ungur
4498,Jimmy,Wang
4499,Somdev,Devvarman
4504,Konstantin,Kravchuk
4515,Arnau,Brugues Davi
4522,Frederico,Gil
4526,Stan,Wawrinka
4533,Dudi,Sela
4541,Jo Wilfried,Tsonga
4544,John,Isner
4546,Horacio,Zeballos
4547,Brian,Baker
4558,Teymuraz,Gabashvili
4562,Luca,Vanni
4570,Marcos,Baghdatis
4585,Lukas,Rosol
4592,Daniel,Gimeno Traver
4593,Marinko,Matosevic
4596,Nicolas,Almagro
4606,Tomas,Berdych
4618,Jesse,Huta Galung
4619,Simone,Bolelli
4627,Alexander,Kudryavtsev
4628,Adrian,Menendez Maceiras
4638,Wayne,Odesnik
4654,Pablo,Cuevas
4659,Sergiy,Stakhovsky
4664,Pablo,Andujar
4671,Vincent,Millot
4675,Andreas,Beck
4677,Viktor,Troicki
4711,Julian,Reister
4716,Marcel,Granollers
4718,Josselin,Ouanna
4728,Kevin,Anderson
4732,Tobias,Kamke
4742,Rafael,Nadal
4752,Richard,Gasquet
4776,Jamie,Baker
4789,Gael,Monfils
4794,Denis,Istomin
4801,Amir,Weintraub
4807,Zhe,Li
4810,Grega,Zemlja
4861,Alex,Kuznetsov
4865,James,Ward
4868,Jeremy,Chardy
4870,Aleksandr,Nedovyesov
4879,Blaz,Kavcic
4887,Andreas,Haider Maurer
4890,Maxime,Authom
4893,Matthias,Bachinger
4894,Robin,Haase
4913,Andy,Murray
4914,Leonardo,Mayer
4920,Novak,Djokovic
4921,Fabio,Fognini
4927,Kenny,De Schepper
4942,Marsel,Ilhan
4965,Matteo,Viola
4971,Ryan,Sweeting
4973,Daniel,Brands
4974,Andrey,Golubev
4992,Igor,Sijsling
4994,Mischa,Zverev
5006,Illya,Marchenko
5016,Sam,Querrey
5021,Jesse,Levine
5025,Samuel,Groth
5034,Lukas,Lacko
5040,Tim,Puetz
5044,Matthew,Ebden
5046,Santiago,Giraldo
5055,Mikhail,Kukushkin
5057,Thomaz,Bellucci
5058,Tim,Smyczek
5067,Ruben,Bemelmans
5070,Albert,Ramos
5125,Jurgen,Zopp
5130,Pere,Riba
5131,Roberto,Bautista Agut
5140,Tatsuma,Ito
5147,Joao,Souza
5148,Pedro,Sousa
5156,Gleb,Sakharov
5159,Peter,Polansky
5166,Adrian,Mannarino
5201,Ernests,Gulbis
5209,Yuichi,Sugita
5210,Thiemo,De Bakker
5216,Juan Martin,Del Potro
5220,Marin,Cilic
5231,Alexandr,Dolgopolov
5278,Greg,Jones
5284,Alejandro,Gonzalez
5303,Joao,Sousa
5324,Benoit,Paire
5333,Thomas,Fabbiano
5349,John,Millman
5364,Martin,Klizan
5367,Peter,Gojowczyk
5370,Aljaz,Bedene
5375,Donald,Young
5420,Radu,Albot
5422,Prajnesh,Gunneswaran
5427,Inigo,Cervantes Huegun
5430,John Patrick,Smith
5438,Steve,Johnson
5442,Kei,Nishikori
5466,Marco,Trungelliti
5476,Facundo,Bagnis
5515,Jan Lennard,Struff
5528,Evgeny,Donskoy
5539,Guido,Pella
5543,Daniel,Evans
5547,Guillaume,Rufin
5561,Austin,Krajicek
5564,Ricardas,Berankis
5565,Vasek,Pospisil
5571,Dusan,Lajovic
5573,Ze,Zhang
5577,Gerald,Melzer
5601,Norbert,Gombos
5602,Bradley,Klahn
5621,Mohamed,Safwat
5629,Blaz,Rola
5630,Federico,Delbonis
5636,Cedrik Marcel,Stebe
5642,Hiroki,Moriya
5644,Marius,Copil
5655,Jerzy,Janowicz
5658,Gastao,Elias
5663,David,Goffin
5670,Milos,Raonic
5709,Andrey,Kuznetsov
5718,Pierre Hugues,Herbert
5719,Rhyne,Williams
5763,Grigor,Dimitrov
5792,Mirza,Basic
5793,Pablo,Carreno Busta
5801,Tennys,Sandgren
5805,Guido,Andreozzi
5827,Lorenzo,Giustino
5828,Di,Wu
5868,Stefano,Travaglia
5888,James,Duckworth
5902,Marton,Fucsovics
5918,Nikoloz,Basilashvili
5922,Filip,Krajinovic
5938,Renzo,Olivo
5953,Henri,Laaksonen
5978,Ryan,Harrison
5986,Damir,Dzumhur
6012,Yuki,Bhambri
6020,Yasutaka,Uchiyama
6029,Diego Sebastian,Schwartzman
6030,Nicolas,Kicker
6031,Denis,Kudla
6044,Jack,Sock
6051,Marco,Cecchinato
6057,Bernard,Tomic
6061,Jozef,Kovalik
6064,Egor,Gerasimov
6079,Benjamin,Mitchell
6085,Salvatore,Caruso
6095,Alex,Bolt
6107,Taro,Daniel
6134,Roberto,Carballes Baena
6172,Jason,Kubler
6184,Hugo,Dellien
6196,Jiri,Vesely
6202,Bjorn,Fratangelo
6204,Marcos,Giron
6211,Andrew,Whittington
6214,Juan Ignacio,Londero
6219,Dominic,Thiem
6269,Mitchell,Krueger
6277,Luke,Saville
6282,Gregoire,Barrere
6284,Lucas,Pouille
6288,Andrew,Harris
6310,Vaclav,Safranek
6315,Thiago,Monteiro
6317,Christopher,Oconnell
6347,Adam,Pavlasek
6348,Laurent,Lokoli
6364,Kyle,Edmund
6387,Nick,Kyrgios
6394,Mario,Vilella Martinez
6401,Yoshihito,Nishioka
6407,Daniil,Medvedev
6409,Thanasi,Kokkinakis
6411,Blake,Mott
6412,Christian,Garin
6418,Borna,Coric
9719,Maximilian,Marterer
10514,Kevin,King
10580,Dennis,Novak
11127,Christopher,Eubanks
11174,Elias,Ymer
11176,Hyeon,Chung
11415,Jordan,Thompson
11429,Mackenzie,Mcdonald
11433,Quentin,Halys
11483,Noah,Rubin
11485,Laslo,Djere
11547,Karen,Khachanov
11549,Jared,Donaldson
11553,Michael,Mmoh
11766,Kamil,Majchrzak
11769,Nicolas,Jarry
11787,Cameron,Norrie
17200,Omar,Jasika
17203,Marc,Polmans
22171,Alexander,Bublik
23588,Daniel Elahi,Galan Riveros
23847,Ernesto,Escobedo
23912,Pedro,Martinez Portero
24020,Reilly,Opelka
25608,Ilya,Ivashka
25897,Andrey,Rublev
26006,Taylor Harry,Fritz
26008,Tommy,Paul
26010,Frances,Tiafoe
26017,Alejandro,Tabilo
26413,Matteo,Berrettini
26577,Stefanos,Tsitsipas
26647,Max,Purcell
26754,Soon Woo,Kwon
27834,Hubert,Hurkacz
32067,Lorenzo,Sonego
33214,Denis,Shapovalov
34553,Casper,Ruud
34651,Tallon,Griekspoor
36221,Dominik,Koepfer
44481,Mikael,Ymer
44493,Jaume,Munar
44524,Lloyd George Muirhead,Harris
44668,Corentin,Moutet
44824,Felix,Auger Aliassime
44829,Ugo,Humbert
44999,Miomir,Kecmanovic
45045,Alejandro,Davidovich Fokina
45105,Alex,De Minaur
45206,Hugo,Gaston
45306,Rudolf,Molleker
45433,Elliot,Benchetrit
45437,Alexei,Popyrin
50810,Jannik,Sinner
